,Name
0,>SDAB22129-55-35-46-49-1-B02
1,>SDAB22129-55-35-46-49-1-C12[EZ1]
2,>SDAB22129-55-35-46-49-1-D04
3,>SDAB22129-55-35-46-49-1-D01
4,>SDAB22129-55-35-46-49-1-G07
5,>SDAB22129-55-35-46-49-1-G09
6,>SDAB22129-55-35-46-49-1-A03
7,>SDAB22129-55-35-46-49-1-B12
8,>SDAB22129-55-35-46-49-1-G02
9,>SDAB22129-55-35-46-49-1-A04
10,>SDAB22129-55-35-46-49-1-H08[EZ2]
11,>SDAB22111-1-D3
12,>SDAB22111-1-D6
13,>SDAB22111-1-C1
14,>SDAB22111-1-F9-B03
15,>SDAB22111-1-H12
16,>SDAB22111-1-F9
17,>SDAB22111-1-B1
18,>SDAB22111-1-E10
19,>SDAB22110-1-1-C3
20,>SDAB22110-1-1-B9-1
21,>SDAB22110-1-1-E4
22,>SDAB22110-3-1-D9-1
23,>SDAB22110-4-3-B02
24,>SDAB22110-4-3-E05
25,>SDAB22110-4-3-G08
26,>SDAB22110-4-3-H02
27,>SDAB22112-2-B06
28,>SDAB22112-1-D12
29,>SDAB22112-2-D08
30,>SDAB22112-1-C10
31,>SDAB22112-1-D12-3
32,>SDAB22112-1-C9
33,>SDAB22112-1-B6-B05
34,>SDAB22118-1-F04
35,>SDAB22118-1-B11
36,>SDAB22118-1-D05
37,>SDAB22118-1-D08
38,>SDAB22118-2-G01
39,>SDAB22118-3-B02
40,>SDAB22118-3-D01
41,>SDAB22118-3-G05
42,>SDAB22118-3-F08
43,>SDAB22118-189-192-1-H03
44,>SDAB22118-189-192-1-C05
45,>SDAB22118-189-192-1-C10
46,>SDAB22118-189-192-1-E08
47,>SDAB22118-189-192-1-E09
48,>SDAB22118-189-192-1-E10
